{"SIGMA": 9.0, "RHO": 104.0, "BETA": 2.6666666666666665, "sigma": 13, "beta": 2.6666666666666665, "rho": 114.0, "mu1": 10000, "mu2": 10000, "mu3": 0, "dt": 0.001, "Tr": 5.0}