{"SIGMA": 67.0, "RHO": 118.0, "BETA": 2.6666666666666665, "sigma": 13, "beta": 2.6666666666666665, "rho": 118.0, "mu1": 10000, "mu2": 0, "mu3": 0, "dt": 0.001, "Tr": 5.0}